<?xml version="1.0" encoding="UTF-8"?>
<feature
      id="org.eclipse.pde"
      label="%featureName"
      version="3.16.0.v20240903-0240"
      provider-name="%providerName">

   <description>
      %description
   </description>

   <copyright>
      %copyright
   </copyright>

   <license url="%licenseURL">
      %license
   </license>

   <requires>
      <import feature="org.eclipse.jdt" version="3.15.0" match="compatible"/>
      <import plugin="org.osgi.annotation.versioning"/>
      <import plugin="org.osgi.annotation.bundle"/>
      <import plugin="org.osgi.service.component.annotations"/>
      <import plugin="org.osgi.service.metatype.annotations"/>
      <import plugin="org.bndtools.templates.template"/>
      <import plugin="biz.aQute.repository"/>
      <import plugin="bndtools.jareditor"/>
   </requires>

   <plugin
         id="org.eclipse.pde"
         version="3.13.2800.v20240903-0240"/>

   <plugin
         id="org.eclipse.pde.build"
         version="3.12.500.v20240809-1837"/>

   <plugin
         id="org.eclipse.pde.core"
         version="3.19.0.v20240815-2201"/>

   <plugin
         id="org.eclipse.pde.junit.runtime"
         version="3.8.100.v20240130-1723"/>

   <plugin
         id="org.eclipse.pde.runtime"
         version="3.8.500.v20240721-0932"/>

   <plugin
         id="org.eclipse.pde.ui"
         version="3.15.300.v20240815-2201"/>

   <plugin
         id="org.eclipse.pde.doc.user"
         version="3.16.0.v20240821-1908"/>

   <plugin
         id="org.eclipse.pde.ui.templates"
         version="3.8.400.v20240321-1452"/>

   <plugin
         id="org.eclipse.pde.api.tools"
         version="1.3.500.v20240731-1856"/>

   <plugin
         id="org.eclipse.pde.api.tools.annotations"
         version="1.4.0.v20240725-0536"/>

   <plugin
         id="org.eclipse.pde.api.tools.ui"
         version="1.3.500.v20240714-0803"/>

   <plugin
         id="org.eclipse.pde.ds.core"
         version="1.3.500.v20240714-0803"/>

   <plugin
         id="org.eclipse.pde.ds.ui"
         version="1.3.500.v20240714-0803"/>

   <plugin
         id="org.eclipse.pde.launching"
         version="3.13.100.v20240721-1025"/>

   <plugin
         id="org.eclipse.pde.ua.core"
         version="1.3.500.v20240706-1616"/>

   <plugin
         id="org.eclipse.pde.ua.ui"
         version="1.3.500.v20240620-1849"/>

   <plugin
         id="org.eclipse.ui.trace"
         version="1.3.400.v20240801-2123"/>

   <plugin
         id="org.eclipse.pde.ds.annotations"
         version="1.3.400.v20240714-0803"/>

   <plugin
         id="org.eclipse.pde.genericeditor.extension"
         version="1.2.400.v20240430-0753"/>

   <plugin
         id="org.eclipse.pde.bnd.ui"
         version="1.1.100.v20240806-2133"/>

</feature>
